"World's #1 Halloween Costume Store","A Loja de Fantasias Nº 1 do Mundo em Halloween"
"Shop Now","Comprar Agora"
"Adult Costumes","Fantasias Adulto"
"Kids Costumes","Fantasias Infantis"
"Featured Categories","Categorias em Destaque"
"Costumes","Fantasias"
"Horror Costumes","Fantasias de Terror"
"Officially Licensed","Licenciados Oficiais"
"Shop by Theme","Compre por Tema"
"Apparel","Roupas & Vestuário"
"Outdoor Décor","Decoração Externa"
"Shop by Collection","Compre por Coleção"
"More Décor","Mais Decorações"
"View Details","Ver Detalhes"
"Add to Cart","Adicionar ao Carrinho"
"Find a Store","Encontrar Loja"
"Track Order","Rastrear Pedido"
"Order Info","Informações de Pedidos"
"Company Info","Sobre a Empresa"
"Resources","Recursos & Ajuda"
"Policies","Políticas & Segurança"
"Subscribe","Inscrever-se"
