"Caixão de Ofertas","Caixão de Ofertas"
"Título da Oferta","Título da Oferta"
"Selo Promocional","Selo Promocional"
"Descrição da Oferta","Descrição da Oferta"
"Imagem da Oferta","Imagem da Oferta"
"Link da Oferta","Link da Oferta"
"Texto do Botão (CTA)","Texto do Botão (CTA)"
"Configurações da Oferta Assombrada","Configurações da Oferta Assombrada"
"Abrir o Caixão ⚰️","Abrir o Caixão ⚰️"
"Caixão de Ofertas Assombrado","Caixão de Ofertas Assombrado"
"Imagem do Caixão de Ofertas","Imagem do Caixão de Ofertas"
