"Add to Cart","Add to Cauldron"
"Shopping Cart","Cauldron"
"My Wish List","My Spells"
"Search entire store here...","Search something spooky..."
"Sign In","Enter the Lair"
"Ofertas da Noite Assombrada encerram em:","Haunted Night Offers end in:"
"Halloween Campaign Ends In:","Haunted Night Offers end in:"
"Os feitiços acabaram! Campanha Noite Assombrada encerrada.","The spells are gone! Haunted Night Campaign ended."
"Halloween Campaign Expired!","The spells are gone! Haunted Night Campaign ended."
"Days","Days"
"Hours","Hours"
"Minutes","Minutes"
"Seconds","Seconds"
"Dias","Days"
"Horas","Hours"
"Minutos","Minutes"
"Segundos","Seconds"
"Selo do Produto","Haunted Badge"
"Assombrado","Haunted Badge 🎃"
"Sustentável","Haunted Sustainable 🌿👻"
"Eco-Friendly","Spooky Eco-Friendly 🦇"
"Vegano","Enchanted Vegan 🧪"
"Artesanal","Macabre Handcrafted 🔮"
"Haunted Mode","Haunted Mode"
"Toggle Haunted Mode","Toggle Haunted Mode"
"Alternar Modo Assombrado","Toggle Haunted Mode"
"Modo Assombrado","Haunted Mode"
"Your cauldron is cold and empty... No spells added yet! 👻","Your cauldron is cold and empty... No spells added yet! 👻"
"Seu caldeirão está vazio e frio... Nenhum feitiço adicionado ainda! 👻","Your cauldron is cold and empty... No spells added yet! 👻"
"1 item bubbling in the cauldron... The ritual has begun! 🎃","1 item bubbling in the cauldron... The ritual has begun! 🎃"
"1 item borbulhando no caldeirão... O ritual começou! 🎃","1 item bubbling in the cauldron... The ritual has begun! 🎃"
"%1 enchanted items in the cauldron... The potion is gaining power! 🧪","%1 enchanted items in the cauldron... The potion is gaining power! 🧪"
"%1 itens encantados no caldeirão... A poção está ganhando força! 🧪","%1 enchanted items in the cauldron... The potion is gaining power! 🧪"
"%1 items in the cauldron! Beware, the spells might overflow! 🧙‍♀️⚡","%1 items in the cauldron! Beware, the spells might overflow! 🧙‍♀️⚡"
"%1 itens no caldeirão! Cuidado, a poção pode transbordar feitiços! 🧙‍♀️⚡","%1 items in the cauldron! Beware, the spells might overflow! 🧙‍♀️⚡"
