"Add to Cart","Adicionar ao Caldeirão"
"Proceed to Checkout","Pacto Final"
"Search","Caçar"
"Search entire store here...","Caçar feitiços e relíquias aqui..."
"My Cart","Meu Baú Macabro"
"Shopping Cart","Caldeirão de Compras"
"What's New","Maldições Recentes"
"Sale","Ofertas Sombrias"
"In stock","Disponível nas Trevas"
"Out of stock","Esgotado no Além"
"Create an Account","Pacto de Membro"
"Sign In","Invocar Acesso"
"Order Total","Tributo Final"
"Haunted Message","Mensagem Assombrada"
"Write a spooky message or spell to accompany your order (max 250 chars).","Deixe uma mensagem assombrosa ou feitiço para acompanhar o seu pedido (máximo de 250 caracteres)."
"Please enter less or equal than {0} symbols.","Por favor, insira no máximo {0} caracteres."
"Halloween Countdown","Contagem das Trevas"
"The Witching Hour Approaches!","A Hora das Bruxas se Aproxima!"
"Spooky Deal ends in:","A Oferta das Bruxas termina em:"
"Offer has vanished into the shadows!","A Noite Assombrada chegou ao fim!"
"Days","Dias"
"Hours","Horas"
"Minutes","Minutos"
"Seconds","Segundos"
"Haunted Mode","Modo Assombrado"
"Edição Noite Assombrada","Edição Noite Assombrada"
